{
  "metadata": {
    "model_name": "microsoft/phi-4",
    "dataset": "ARC-Challenge",
    "K": 4,
    "n_oc_scanned": 0,
    "n_oc_instances": 50,
    "smoke_test_passed": true,
    "pilot_gate_passed": true,
    "pilot_gate_fraction": 0.5,
    "cumulative_cost_usd": 0.11812192999999803,
    "total_api_calls": 19875,
    "oc_rate_main": 0.102,
    "bon16_accuracy_regression": null,
    "bon16_accuracy_fixed_T10": null,
    "bon16_accuracy_fixed_T07": null,
    "mcnemar_p_regression_vs_T07": null,
    "mcnemar_p_regression_vs_T10": null,
    "mmlu_pro_baseline": {
      "dataset": "MMLU-Pro",
      "K": 10,
      "rho_ea_delta": 0.106,
      "cv_log_A": 1.093,
      "valid_fit_rate": 0.199,
      "median_R2": 0.848,
      "median_Ea": 0.351,
      "n_valid_fits": 30,
      "two_token_dominance_confirmed": false,
      "bon16_accuracy_fixed_T10": 0.933,
      "bon16_accuracy_fixed_T07": 0.833,
      "bon16_accuracy_regression": 0.9,
      "rho_ea_tpref": 0.674
    },
    "is_partial_result": true,
    "n_valid_fits": 27,
    "valid_fit_rate": 0.54,
    "median_R2": 0.8711027982586199,
    "bootstrap_R2_ci_low": 0.7024506531080642,
    "bootstrap_R2_ci_high": 0.9878401804498332,
    "median_Ea": 0.3927279364783394,
    "logA_mean": -0.6711562126197028,
    "logA_std": 0.6382748554244596,
    "cv_log_A": 0.9510078926828399,
    "rho_ea_delta": 0.9364885932749194,
    "rho_ea_delta_p": 7.050660530551152e-13,
    "rho_ea_delta_ci_low": 0.80107378283804,
    "rho_ea_delta_ci_high": 0.9819549043998844,
    "two_token_dominance_confirmed": false,
    "step6_T_thresh_validation": {
      "by_N": {
        "4": {
          "n_total": 16,
          "fraction_simplified_is_lower_bound": 1.0,
          "wilson_ci_low": 0.8063923194655633,
          "wilson_ci_high": 1.0,
          "theorem6_applies": false,
          "median_T_thresh": 0.16138645582295574
        },
        "8": {
          "n_total": 24,
          "fraction_simplified_is_lower_bound": 0.9166666666666666,
          "wilson_ci_low": 0.741511978067893,
          "wilson_ci_high": 0.9768411847029567,
          "theorem6_applies": true,
          "median_T_thresh": 0.16037676749026086
        },
        "16": {
          "n_total": 26,
          "fraction_simplified_is_lower_bound": 0.9230769230769231,
          "wilson_ci_low": 0.7585844622837095,
          "wilson_ci_high": 0.9786449115277238,
          "theorem6_applies": true,
          "median_T_thresh": 0.1326874368707699
        },
        "32": {
          "n_total": 27,
          "fraction_simplified_is_lower_bound": 0.9629629629629629,
          "wilson_ci_low": 0.8171653406642414,
          "wilson_ci_high": 0.9934318540192149,
          "theorem6_applies": true,
          "median_T_thresh": 0.11331732927517123
        }
      },
      "fraction_T_thresh_below_T_TURN": 0.7777777777777778,
      "median_T_thresh_N16": 0.14164666159396402,
      "median_T_TURN_emp": 0.3
    },
    "rho_ea_tpref": 0.594286662629165,
    "rho_ea_tpref_p": 0.0010804783022668454,
    "rho_ea_tpref_ci_low": null,
    "rho_ea_tpref_ci_high": null,
    "comparison_vs_mmlu_pro": {
      "dataset_arc": "ARC-Challenge",
      "K_arc": 4,
      "dataset_mmlu": "MMLU-Pro",
      "K_mmlu": 10,
      "arc_rho_ea_delta": 0.9364885932749194,
      "arc_cv_log_A": 0.9510078926828399,
      "arc_valid_fit_rate": 0.54,
      "arc_median_R2": 0.8711027982586199,
      "arc_median_Ea": 0.3927279364783394,
      "mmlu_rho_ea_delta": 0.106,
      "mmlu_cv_log_A": 1.093,
      "mmlu_valid_fit_rate": 0.199,
      "mmlu_median_R2": 0.848,
      "mmlu_median_Ea": 0.351,
      "rho_improved": true,
      "cv_improved": true,
      "fit_rate_improved": true,
      "verdict": "UNDERPOWERED",
      "verdict_rationale": "Intermediate rho=0.936; need more instances. CV(log A)=0.951."
    }
  },
  "results": [
    {
      "item_id": "Mercury_417138",
      "input": "Question: Estuaries are dynamic ecosystems where salt water and fresh water mix. Usually this happens as fresh water flows from a river to an ocean. When would you expect the concentration of salt in ...",
      "correct_letter": "B",
      "greedy_letter": "C",
      "is_valid_fit": true,
      "Ea": 2.464983241724931,
      "log_A": 1.219207384801392,
      "R2": 0.9018046034399122,
      "Delta": 1.5312499403953552,
      "T_pref": 1.0,
      "T_TURN_emp": 0.3,
      "p_correct_by_T": {
        "0.05": 0.0,
        "0.1": 0.0,
        "0.2": 0.0,
        "0.3": 0.0,
        "0.5": 0.02,
        "0.7": 0.16,
        "1.0": 0.22
      },
      "T_thresh_N16": 0.8890547746777397
    },
    {
      "item_id": "Mercury_416683",
      "input": "Question: Which of the following events along the west coast of the United States provides direct evidence that upwelling brings nutrient-rich waters to the surface?\nA. an increase in fisheries produc...",
      "correct_letter": "C",
      "greedy_letter": "A",
      "is_valid_fit": true,
      "Ea": 0.28767936225195256,
      "log_A": -0.5277775244009333,
      "R2": 0.9573689016188405,
      "Delta": 0.3125,
      "T_pref": 1.0,
      "T_TURN_emp": 0.2,
      "p_correct_by_T": {
        "0.05": 0.0,
        "0.1": 0.0,
        "0.2": 0.14,
        "0.3": 0.24,
        "0.5": 0.28,
        "0.7": 0.42,
        "1.0": 0.46
      },
      "T_thresh_N16": 0.10375839732174791
    },
    {
      "item_id": "AKDE&ED_2008_8_48",
      "input": "Question: Which process will most likely lead to the scientific acceptance of a hypothesis?\nA. duplicating the results of an experiment\nB. revising the original hypothesis\nC. developing a theory based...",
      "correct_letter": "A",
      "greedy_letter": "C",
      "is_valid_fit": true,
      "Ea": 0.655976169689676,
      "log_A": -0.7970408204797823,
      "R2": 0.9509488080433361,
      "Delta": 0.8125000298023224,
      "T_pref": 1.0,
      "T_TURN_emp": 0.2,
      "p_correct_by_T": {
        "0.05": 0.0,
        "0.1": 0.0,
        "0.2": 0.02,
        "0.3": 0.04,
        "0.5": 0.12,
        "0.7": 0.14,
        "1.0": 0.32
      },
      "T_thresh_N16": 0.2365933917381582
    },
    {
      "item_id": "Mercury_SC_406482",
      "input": "Question: A class tested the amount of vitamin C in fresh orange juice and calculated a different amount than the previous class that conducted the same investigation. What should most likely be done ...",
      "correct_letter": "D",
      "greedy_letter": "B",
      "is_valid_fit": true,
      "Ea": 0.34304744562325956,
      "log_A": -0.49835860031995827,
      "R2": 0.9888135197187853,
      "Delta": 0.4375,
      "T_pref": 1.0,
      "T_TURN_emp": 0.2,
      "p_correct_by_T": {
        "0.05": 0.0,
        "0.1": 0.02,
        "0.2": 0.12,
        "0.3": 0.16,
        "0.5": 0.28,
        "0.7": 0.38,
        "1.0": 0.5
      },
      "T_thresh_N16": 0.12372821214757573
    },
    {
      "item_id": "Mercury_403930",
      "input": "Question: A student found a worm under some leaves and wrote observations about the worm in a notebook. Which is a fact that could be found in the student's notebook?\nA. The worm feels cold.\nB. The wo...",
      "correct_letter": "C",
      "greedy_letter": "B",
      "is_valid_fit": true,
      "Ea": 1.3497143383128312,
      "log_A": -0.6291872166637171,
      "R2": 0.9025477757680215,
      "Delta": 1.7499999701976776,
      "T_pref": 1.0,
      "T_TURN_emp": 0.2,
      "p_correct_by_T": {
        "0.05": 0.0,
        "0.1": 0.0,
        "0.2": 0.0,
        "0.3": 0.0,
        "0.5": 0.04,
        "0.7": 0.06,
        "1.0": 0.16
      },
      "T_thresh_N16": 0.48680654562516257
    },
    {
      "item_id": "Mercury_SC_416169",
      "input": "Question: Nick is making a model to show how human skin covers the body. What material would work best?\nA. a sheet of rubber\nB. a sheet of paper\nC. a sheet of metal\nD. a sheet of wood\n\nRespond with on...",
      "correct_letter": "A",
      "greedy_letter": "B",
      "is_valid_fit": true,
      "Ea": 0.07779915749422707,