{
  "metadata": {
    "model_name": "microsoft/phi-4",
    "dataset": "ARC-Challenge",
    "K": 4,
    "n_oc_scanned": 0,
    "n_oc_instances": 50,
    "smoke_test_passed": true,
    "pilot_gate_passed": true,
    "pilot_gate_fraction": 0.5,
    "cumulative_cost_usd": 0.11812192999999803,
    "total_api_calls": 19875,
    "oc_rate_main": 0.102,
    "bon16_accuracy_regression": null,
    "bon16_accuracy_fixed_T10": null,
    "bon16_accuracy_fixed_T07": null,
    "mcnemar_p_regression_vs_T07": null,
    "mcnemar_p_regression_vs_T10": null,
    "mmlu_pro_baseline": {
      "dataset": "MMLU-Pro",
      "K": 10,
      "rho_ea_delta": 0.106,
      "cv_log_A": 1.093,
      "valid_fit_rate": 0.199,
      "median_R2": 0.848,
      "median_Ea": 0.351,
      "n_valid_fits": 30,
      "two_token_dominance_confirmed": false,
      "bon16_accuracy_fixed_T10": 0.933,
      "bon16_accuracy_fixed_T07": 0.833,
      "bon16_accuracy_regression": 0.9,
      "rho_ea_tpref": 0.674
    },
    "is_partial_result": true,
    "n_valid_fits": 27,
    "valid_fit_rate": 0.54,
    "median_R2": 0.8711027982586199,
    "bootstrap_R2_ci_low": 0.7024506531080642,
    "bootstrap_R2_ci_high": 0.9878401804498332,
    "median_Ea": 0.3927279364783394,
    "logA_mean": -0.6711562126197028,
    "logA_std": 0.6382748554244596,
    "cv_log_A": 0.9510078926828399,
    "rho_ea_delta": 0.9364885932749194,
    "rho_ea_delta_p": 7.050660530551152e-13,
    "rho_ea_delta_ci_low": 0.80107378283804,
    "rho_ea_delta_ci_high": 0.9819549043998844,
    "two_token_dominance_confirmed": false,
    "step6_T_thresh_validation": {
      "by_N": {
        "4": {
          "n_total": 16,
          "fraction_simplified_is_lower_bound": 1.0,
          "wilson_ci_low": 0.8063923194655633,
          "wilson_ci_high": 1.0,
          "theorem6_applies": false,
          "median_T_thresh": 0.16138645582295574
        },
        "8": {
          "n_total": 24,
          "fraction_simplified_is_lower_bound": 0.9166666666666666,
          "wilson_ci_low": 0.741511978067893,
          "wilson_ci_high": 0.9768411847029567,
          "theorem6_applies": true,
          "median_T_thresh": 0.16037676749026086
        },
        "16": {
          "n_total": 26,
          "fraction_simplified_is_lower_bound": 0.9230769230769231,
          "wilson_ci_low": 0.7585844622837095,
          "wilson_ci_high": 0.9786449115277238,
          "theorem6_applies": true,
          "median_T_thresh": 0.1326874368707699
        },
        "32": {
          "n_total": 27,
          "fraction_simplified_is_lower_bound": 0.9629629629629629,
          "wilson_ci_low": 0.8171653406642414,
          "wilson_ci_high": 0.9934318540192149,
          "theorem6_applies": true,
          "median_T_thresh": 0.11331732927517123
        }
      },
      "fraction_T_thresh_below_T_TURN": 0.7777777777777778,
      "median_T_thresh_N16": 0.14164666159396402,
      "median_T_TURN_emp": 0.3
    },
    "rho_ea_tpref": 0.594286662629165,
    "rho_ea_tpref_p": 0.0010804783022668454,
    "rho_ea_tpref_ci_low": null,
    "rho_ea_tpref_ci_high": null,
    "comparison_vs_mmlu_pro": {
      "dataset_arc": "ARC-Challenge",
      "K_arc": 4,
      "dataset_mmlu": "MMLU-Pro",
      "K_mmlu": 10,
      "arc_rho_ea_delta": 0.9364885932749194,
      "arc_cv_log_A": 0.9510078926828399,
      "arc_valid_fit_rate": 0.54,
      "arc_median_R2": 0.8711027982586199,
      "arc_median_Ea": 0.3927279364783394,
      "mmlu_rho_ea_delta": 0.106,
      "mmlu_cv_log_A": 1.093,
      "mmlu_valid_fit_rate": 0.199,
      "mmlu_median_R2": 0.848,
      "mmlu_median_Ea": 0.351,
      "rho_improved": true,
      "cv_improved": true,
      "fit_rate_improved": true,
      "verdict": "UNDERPOWERED",
      "verdict_rationale": "Intermediate rho=0.936; need more instances. CV(log A)=0.951."
    }
  },
  "datasets": [
    {
      "dataset": "allenai/ai2_arc",
      "examples": [
        {
          "input": "Question: Estuaries are dynamic ecosystems where salt water and fresh water mix. Usually this happens as fresh water flows from a river to an ocean. When would you expect the concentration of salt in the estuary water to be LOWEST near the mouth of the river?\nA. when the river flow is low and the tide is low\nB. when the river flow is high and the tide is low\nC. when the river flow is low and the tide is high\nD. when the river flow is high and the tide is high\n\nRespond with only the letter of the correct answer:\n",
          "output": "B",
          "metadata_item_id": "Mercury_417138",
          "metadata_correct_letter": "B",
          "metadata_greedy_letter": "C",
          "metadata_is_valid_fit": "True",
          "predict_Ea": "2.464983241724931",
          "predict_log_A": "1.219207384801392",
          "predict_R2": "0.9018046034399122",
          "predict_Delta": "1.5312499403953552",
          "predict_T_pref": "1.0",
          "predict_T_TURN_emp": "0.3",
          "predict_p_correct_by_T": "{\"0.05\": 0.0, \"0.1\": 0.0, \"0.2\": 0.0, \"0.3\": 0.0, \"0.5\": 0.02, \"0.7\": 0.16, \"1.0\": 0.22}",
          "predict_T_thresh_N16": "0.8890547746777397",
          "predict_bon16_correct_regression": "",
          "predict_bon16_correct_T10": "",
          "predict_bon16_correct_T07": ""
        },
        {
          "input": "Question: When estimating amounts of building supplies, it is better to allow for some waste and error rather than to cause delays by not ordering sufficient supplies. An engineer is estimating the number of bundles of shingles needed for a roof area of approximately 2000 sq. ft. In roofing, a square is 100 sq. ft., and each bundle covers one-third of a square. Which of the following is closest to the number of bundles that the engineer should order?\nA. 23\nB. 43\nC. 63\nD. 83 331\n\nRespond with only the letter of the correct answer:\n",
          "output": "C",
          "metadata_item_id": "MCAS_2004_9_10-v1",
          "metadata_correct_letter": "C",
          "metadata_greedy_letter": "B",
          "metadata_is_valid_fit": "False",
          "predict_Ea": "1.2233004222993904",
          "predict_log_A": "-1.0913577599355238",
          "predict_R2": "0.3956918577209734",
          "predict_Delta": "0.75",
          "predict_T_pref": "0.7",
          "predict_T_TURN_emp": "0.2",
          "predict_p_correct_by_T": "{\"0.05\": 0.0, \"0.1\": 0.0, \"0.2\": 0.0, \"0.3\": 0.0, \"0.5\": 0.02, \"0.7\": 0.14, \"1.0\": 0.06}",
          "predict_T_thresh_N16": "0.4412123631921763",
          "predict_bon16_correct_regression": "",
          "predict_bon16_correct_T10": "",
          "predict_bon16_correct_T07": ""
        },
        {
          "input": "Question: Which stage occurs in both the life cycle of a tree and in the life cycle of a frog?\nA. growth\nB. dormancy\nC. hibernation\nD. metamorphosis\n\nRespond with only the letter of the correct answer:\n",
          "output": "A",
          "metadata_item_id": "Mercury_SC_401587",
          "metadata_correct_letter": "A",
          "metadata_greedy_letter": "D",
          "metadata_is_valid_fit": "False",
          "predict_Ea": "",
          "predict_log_A": "0.0",
          "predict_R2": "None",
          "predict_Delta": "5.37499978300184",
          "predict_T_pref": "0.05",
          "predict_T_TURN_emp": "0.3",
          "predict_p_correct_by_T": "{\"0.05\": 0.0, \"0.1\": 0.0, \"0.2\": 0.0, \"0.3\": 0.0, \"0.5\": 0.0, \"0.7\": 0.0, \"1.0\": 0.0}",
          "predict_T_thresh_N16": "",
          "predict_bon16_correct_regression": "",
          "predict_bon16_correct_T10": "",
          "predict_bon16_correct_T07": ""
        }
      ]
    }
  ]
}